entailment,neutral,contradiction
"[ 229  309  405  461  490  583  610 1321 1419 1465 1640 1641 1684 1940
 2005 2221 2240 2395 2562 2584 2614 2697 2726 2887 2987 2998 2999 3062
 3246 3499 3586 3686 3711 3728 3732 3741 3769 3824 3869 4431 4775 4822
 5432 6006 6055 6156 6199 6405 6529 6553 6605 6617 6630 6859 7176 7241
 7457 7743 7745 7764 7791 7937 8005 8324 8494 8531 8563 8600 8642 8816
 8994 9037 9213 9225 9419 9543 9733]","[ 154  221  318  518  654  680  940  951  972 1218 1323 1416 1487 1606
 1866 1921 2056 2172 2440 2468 2551 2591 2873 3109 3293 3341 3342 3364
 3465 3493 3494 3614 3652 3865 4140 4249 4405 4573 4592 4603 4669 4747
 5018 5045 5137 5168 5184 5208 5434 5462 5464 5688 5690 5928 5950 6077
 6112 6158 6191 6619 6627 6671 6734 6799 6896 6971 7098 7385 7458 7511
 7643 7771 7788 7954 8054 8068 8154 8219 8495 8533 8535 8682 8782 8807
 9173 9247 9307 9621 9722 9747]",[3702]
"[  22   83  402  896  938 1070 1096 1124 1165 1452 1582 1665 1948 1982
 1999 2008 2035 2066 2081 2126 2201 2291 2452 2568 2709 2785 2938 3021
 3023 3024 3230 3252 3274 3294 3472 3644 3775 3958 4064 4148 4156 4197
 4208 4223 4432 4435 4463 4480 4516 4552 4564 4731 4752 4880 5064 5126
 5232 5323 5479 5672 5673 5811 5840 5841 5854 5977 6003 6010 6014 6262
 6298 6446 6453 6457 6498 6598 6614 6692 6803 7035 7135 7200 7212 7214
 7257 7340 7392 7420 7464 7531 7542 7586 7684 7830 7873 8092 8124 8233
 8273 8355 8399 8470 8482 8544 8616 8853 8900 8936 9018 9031 9057 9104
 9125 9155 9351 9405 9482 9495 9637 9662]","[ 528  724  971 1034 1145 1229 1291 1346 1539 1928 1971 1977 1996 2000
 2218 2280 2363 2374 2567 2630 2957 3036 3081 3101 3296 3575 3660 3777
 3880 3896 3916 3980 4065 4070 4168 4227 4494 4611 4705 4716 4728 4754
 4832 4879 5063 5112 5140 5160 5164 5540 5587 5637 5674 5793 5827 5957
 6128 6310 6437 6635 7079 7202 7258 7342 8260 8272 8440 8497 8589 8765
 8770 8855 9060 9107 9124 9273 9314 9503 9521]","[ 164  293  339  499  622  646  730  754  795  920  928  993 1024 1205
 1283 1345 1365 1438 1534 1538 1603 1709 1758 1817 2105 2206 2299 2505
 2877 2966 2997 3053 3057 3137 3443 3474 3483 3617 3647 3724 3729 3776
 3783 3905 3956 3984 4145 4389 4417 4484 4493 4531 4551 5098 5143 5144
 5254 5452 5460 5708 5737 5937 5989 6075 6094 6207 6267 6421 6488 6656
 6701 6789 7013 7034 7205 7428 7475 7940 8162 8486 8576 8692 8789 9007
 9102 9105 9123 9330 9336 9471 9580 9603 9707]"
"[ 150  457  608  934 1056 1322 1415 1568 1695 2166 2248 2255 2304 2455
 2521 2640 2747 2950 3003 3158 3402 3646 3742 4052 4240 4271 4809 4837
 4948 4993 5012 5052 5133 5271 5361 5381 5392 5645 5676 5757 5905 5911
 5914 5935 6053 6404 6665 6997 7346 7355 7662 7675 7789 7792 7921 7931
 8347 8668 8730 8762 8971 9014 9071 9075 9235 9345 9361 9429 9515 9537
 9658 9665]","[ 123  305  582  722  833  834  858  888 1112 1257 1261 1435 1503 1596
 1597 1644 1645 1824 1883 1899 2146 2235 2264 2318 2367 2463 2473 2556
 2575 2756 2758 2939 3222 3223 3255 3349 3441 3528 3606 3607 3610 3658
 3659 3681 3737 4123 4125 4134 4346 4444 4497 4595 4777 4778 4828 4909
 5341 5411 5557 5568 5625 5861 5877 6166 6242 6277 6279 6314 6336 6426
 6657 6682 6788 6854 6910 7124 7320 7522 7552 7652 7664 7674 8139 8164
 8250 8427 8429 8434 8516 8630 8675 9137 9178 9763 9781 9797]","[   8  175  439  892 1146 1150 1387 1462 1547 1799 1815 1923 2662 2745
 3173 3363 3392 3410 3898 3989 4044 4166 4239 4301 4881 4957 5120 5291
 5508 5974 6126 6374 6506 6715 6768 6978 7012 7146 7261 7312 7456 7835
 8046 8198 8351 8604 8767 9193 9236 9611 9661 9794]"
"[ 326 1029 1485 1519 1777 1836 2378 2400 2524 2834 2837 2913 3337 3601
 3665 3667 3911 3949 4266 4300 4331 4440 4466 4548 4724 4835 4841 5171
 5386 5650 5680 5898 6311 6334 6644 6731 6755 6872 6935 7018 7268 7401
 7730 8100 8228 8251 8471 8491 8703 8959 9170 9265 9422 9534]","[  28   34   48  101  173  374  418  427  534  552  601  755  855  996
 1037 1044 1177 1326 1408 1458 1483 1746 1759 1774 1846 1854 2156 2190
 2207 2226 2246 2379 2485 2486 2649 2671 2681 2736 2776 2792 2841 2862
 2981 2988 3076 3287 3513 3537 3543 3766 3890 4026 4265 4430 4499 4680
 4887 5061 5078 5172 5287 5380 5456 5582 5773 5835 5976 6073 6232 6415
 6499 6722 6894 7106 7290 7327 7347 7369 7435 7591 7618 7693 7780 7826
 7834 7860 7886 7975 8048 8120 8190 8192 8255 8369 8473 8519 8548 8550
 8863 8867 8933 9067 9078 9091 9115 9161 9256 9311 9348 9415 9536 9687
 9692 9751]","[ 139  219  223  227  279  310  311  404  426  429  771  876  973 1016
 1426 1717 1724 1752 1781 1951 2127 2182 2222 2349 2467 2522 2600 2648
 2672 2777 2959 2994 3166 3299 3340 3403 3415 3417 3438 3578 3673 3718
 3815 3848 3996 4019 4182 4236 4246 4248 4272 4297 4365 4415 4429 4542
 4660 5047 5175 5270 5362 5510 5526 5545 5644 5692 5915 6007 6076 6154
 6157 6282 6618 6732 6781 6828 7087 7280 7348 7451 7617 7645 7732 7770
 7847 7936 8069 8163 8218 8256 8257 8279 8371 8565 8627 8924 8935 8991
 8995 9224 9478 9596 9616]"
"[   4   33  213  228  313  373  425  589  616  653  781 1009 1014 1179
 1192 1285 1471 1488 1773 1856 1908 1973 2237 2242 2330 2509 2518 2589
 2741 2750 2827 2848 2849 2967 3193 3196 3285 3365 3386 3464 3534 3560
 3653 3778 4018 4194 4235 4289 4363 4384 4491 4528 4543 4679 4885 5031
 5154 5182 5262 5306 5328 5378 5497 5509 5657 5693 5696 5701 5711 5713
 5736 5872 5895 6062 6066 6078 6176 6211 6266 6357 6624 6647 6669 6700
 6974 7215 7264 7335 7436 7626 7642 7859 7862 7881 7973 7990 8063 8119
 8184 8397 8414 8626 8710 8749 8759 8808 8866 8880 8908 8931 9092 9252
 9364 9393 9476 9579 9600 9703 9726]","[ 452  640  734  999 1116 1153 1200 1449 1461 1506 1518 1766 1798 1878
 2078 2191 2338 2661 2704 2825 2826 2949 2962 3126 3172 3360 3484 3552
 3679 3804 3844 3867 3997 4105 4114 4117 4181 4257 4650 4721 4760 4803
 4961 5025 5225 5517 5542 5632 5732 5805 5908 6174 6280 6302 6376 6508
 6518 6592 6780 6851 6981 7037 7072 7278 7407 7600 7628 7704 7798 7822
 7908 7913 8026 8037 8094 8195 8285 8359 8445 8622 8641 8647 8750 8907
 8923 8969 9103 9122 9199 9212 9228 9404 9453 9467 9654 9660]","[  42  282  577  817 1033 1607 1651 1765 1791 1851 1937 2593 2977 3572
 3582 4344 4555 4632 4756 4934 5188 5280 5339 5590 5636 5821 5867 5948
 6047 6137 6360 6474 6513 6526 6668 7093 7309 7550 7968 8183 8262 8270
 8294 8303 8511 8618 9573 9716 9789 9816]"
"[ 170  188  204  420  423  515  818  875  943 1184 1201 1221 1228 1508
 1636 1725 1775 1802 1879 1997 2041 2098 2198 2217 2666 2762 2773 3121
 3169 3311 3343 3378 3418 3588 3733 3862 4048 4172 4341 4347 4352 4372
 4412 4425 4470 4523 4533 4641 4791 4792 4806 4855 4975 4981 5130 5224
 5242 5244 5258 5266 5268 5344 5500 5608 5617 5619 5642 5643 5653 5886
 6045 6081 6092 6186 6209 6394 6606 6687 6689 6795 6819 6845 6924 6961
 6989 6991 7023 7102 7306 7344 7391 7546 7548 7572 7659 7697 7752 7899
 7909 7911 7958 7977 8245 8263 8403 8466 8510 8552 8574 8704 8739 8858
 8886 8913 8922 9001 9052 9111 9527 9549 9617 9618 9814]","[ 530  585  758  851  902 1050 1152 1222 1223 1315 1422 1439 1441 1664
 1692 1845 2044 2060 2079 2432 2546 2788 2974 3029 3047 3124 3284 3377
 3391 3448 3453 3533 3598 3870 3934 4078 4154 4303 4375 4436 4788 5041
 5337 5389 5454 5468 5762 5796 5829 5874 5878 6085 6172 6206 6290 6407
 6492 6584 6610 6784 6866 7193 7326 7398 7445 7455 7711 8127 8344 8633
 8667 8733 8862 8954 9287 9312 9315 9318 9324 9328 9554 9675]","[ 114  128  247  366  398  409  447  495  496  595  825  897  933  981
 1108 1178 1246 1529 1580 1743 1902 1981 2320 2354 2380 2502 2510 2529
 2539 2586 2656 2664 2850 2883 2892 2935 2946 3031 3040 3116 3224 3272
 3323 3401 3407 3455 3481 3488 3635 3913 3947 4023 4130 4137 4219 4305
 4330 4333 4465 4580 4608 4945 4991 5088 5229 5340 5394 5419 5424 5567
 5685 5755 5778 5790 5828 6168 6271 6327 6541 6576 6686 6726 6764 6908
 6943 7111 7129 7167 7266 7329 7460 7463 7499 7575 7785 7827 7876 7889
 8032 8110 8284 8305 8391 8512 8665 8725 8902 9015 9509]"
"[  18   26   47  200  242  256  258  321  351  450  508  514  527  684
  756  800  844  918  949  953  961 1001 1117 1129 1206 1335 1362 1367
 1368 1601 1694 1710 1732 1800 1930 1958 1989 2014 2219 2333 2365 2459
 2484 2563 2674 2721 2769 2898 2901 2960 2984 3054 3099 3149 3171 3221
 3454 3468 3551 3615 3680 3692 3709 3768 3816 3829 3849 3872 3891 3963
 3991 4006 4103 4116 4118 4238 4245 4264 4423 4476 4498 4594 4643 4697
 4858 5055 5118 5150 5165 5401 5409 5449 5543 5740 5775 5807 5826 6287
 6295 6375 6489 6517 6593 6716 6720 6773 6995 7097 7104 7185 7349 7702
 7703 7783 7845 7967 8035 8096 8158 8160 8194 8288 8358 8443 8499 8744
 8769 8805 8856 8961 9004 9101 9116 9126 9134 9192 9290 9313 9391 9524
 9538 9644 9649 9655 9724 9730 9758 9768 9801]","[ 162  163  214  294  458  636  831  894 1055 1087 1444 1551 1741 1751
 2164 2165 2523 2710 2749 2895 3008 3055 3059 3102 3567 3596 3663 3719
 3744 3751 3808 4075 4149 4839 4894 5194 5252 5260 5261 5320 5360 5461
 5552 5709 5879 5912 5934 5986 6090 6132 6260 6452 6487 6542 6555 6600
 6816 7133 7469 7768 7846 7870 7957 8052 8059 8099 9048 9058 9076 9254
 9352 9443 9465 9636 9706 9757]","[ 100  198  255  355  453  462  473  480  516  526  843  952  964 1183
 1211 1273 1294 1313 1357 1366 1448 1572 1599 1730 1811 1907 1929 1960
 1987 2116 2158 2340 2361 2476 2585 2703 2770 2864 2869 2889 2986 3002
 3041 3079 3268 3359 3435 3521 3553 3694 3803 3877 3895 3932 3964 4115
 4119 4263 4274 4422 4651 4723 4727 4802 4819 4859 4917 4954 4962 4994
 5166 5206 5283 5371 5402 5583 5661 5907 5978 6032 6124 6129 6133 6170
 6192 6288 6303 6402 6418 6438 6509 6594 6679 6800 6873 6970 6980 7016
 7073 7103 7183 7259 7305 7360 7408 7418 7447 7467 7492 7660 7689 7701
 7751 7795 7800 7912 7985 8028 8093 8143 8148 8231 8316 8361 8394 8444
 8553 8691 8746 8803 8857 9003 9128 9255 9268 9389 9450 9454 9462 9483
 9523 9540 9607 9650 9683 9719 9748 9813 9821]"
"[  82  243  250  645  733  872  885  963 1212 1233 1262 1317 1510 1566
 1583 1656 1662 1677 1678 1797 2152 2194 2632 2861 2876 2942 3105 3648
 4099 4169 4170 4649 4971 5333 5515 5553 5596 5624 5670 5751 5856 5868
 6023 6096 6190 6203 6241 6562 6654 7044 7136 7430 7577 7725 7887 8283
 8388 8607 8723 8919 9012 9120 9201 9227 9469]","[  89  115  183  259  613  632  862  914  967 1073 1162 1203 1226 1237
 1327 1373 1380 1398 1619 1825 2301 2335 2483 2627 2739 2766 2829 2927
 3014 3071 3087 3094 3241 3381 3399 3757 3758 3773 3774 3790 3840 3885
 3910 3920 4029 4175 4391 4579 4905 4925 4939 5117 5146 5514 5603 5607
 5627 5652 5763 5814 5916 5925 6020 6039 6051 6142 6164 6389 6428 6544
 6753 6812 6893 6956 6967 7033 7062 7131 7226 7393 7472 7588 7608 7635
 7638 7854 7882 7987 8113 8114 8614 8727 8930 8957 9011 9198 9354 9640
 9642 9743]","[  14  202  343  533  620  660  713  936 1040 1176 1249 1333 1376 1400
 1512 1618 1830 1862 1976 2278 2306 2438 2460 2641 2718 2729 2789 2807
 2823 2961 3037 3045 3091 3150 3219 3320 3420 3471 3497 3574 3649 3661
 3678 3868 3945 3998 4104 4139 4198 4201 4226 4259 4312 4455 4486 4644
 4646 4694 4762 5071 5111 5141 5156 5159 5238 5331 5516 5745 5825 5836
 5858 6005 6070 6227 6409 6566 6590 6681 6721 6756 6884 7066 7144 7151
 7180 7293 7605 7681 7724 7756 7894 7941 7943 8086 8095 8223 8238 8276
 8317 8332 8599 8640 8687 8814 8832 8894 8975 9028 9059 9114 9269 9270
 9271 9428 9561 9631 9656 9723 9769 9802]"
"[ 218  222  280  428  441  551  682  768  797  878  941  946  974 1181
 1271 1348 1350 1358 1428 1516 1573 1715 1753 1814 1855 1868 1919 2192
 2270 2282 2469 2650 2783 2875 3042 3108 3167 3278 3297 3339 3358 3416
 3522 3547 3577 3613 3662 3813 3846 3858 3864 3981 3992 3995 4183 4184
 4185 4250 4252 4273 4276 4295 4378 4477 4488 4572 4604 4871 4953 4973
 4983 5046 5139 5167 5581 5660 5953 6080 6111 6135 6159 6281 6356 6383
 6501 6561 6678 6733 6782 6798 6972 7086 7108 7361 7452 7644 7688 7769
 7787 7906 7951 8022 8055 8150 8152 8156 8214 8278 8321 8374 8417 8611
 8649 8802 8813 8844 9066 9717 9718 9749 9777]","[   0  105  126  156  216  410  493  513  606  667  824  898  932 1155
 1472 1611 1934 2095 2344 2511 2530 2654 2685 2809 2832 2858 2882 2933
 3178 3571 3580 4207 4304 4306 4547 4618 4836 5086 5851 6179 6196 6198
 6239 6270 6608 6862 6922 7039 7040 7177 7198 7277 7867 7915 8166 8295
 8306 8493 8514 8724 8881 9016 9186 9367 9567 9584 9589 9791]","[ 239  276  400  761  811  970 1002 1204 1227 1329 1379 1384 1397 1412
 1425 1553 1620 1626 1672 1675 1826 2051 2059 2064 2125 2420 2423 2434
 2506 2601 2956 3025 3085 3142 3292 3335 3380 3526 3772 3786 4284 4355
 4366 4371 4627 4638 4686 4967 5311 5388 5476 5588 5640 5823 5847 6041
 6043 6144 6297 6379 6545 6754 6802 6920 6969 7077 7096 7225 7315 7395
 7473 7513 7578 7598 7607 7634 7819 7828 7856 8112 8447 8454 8625 8906
 8946 9150 9355 9397 9643 9741 9744]"
"[  70   96  184  241  337  365  376  416  717  718  796  863  969 1328
 1372 1411 1413 1436 1437 1544 1585 1691 1755 1827 2049 2062 2214 2300
 2435 2559 2885 2886 3064 3072 3095 3206 3412 3752 3807 3839 4167 4369
 4681 4715 4816 4866 4873 4927 5162 5284 5513 5589 5771 5822 5845 5846
 5944 6038 6049 6059 6253 6429 6460 6660 6708 6886 6949 6954 7224 7314
 7316 7381 7397 7579 7587 7594 7597 7609 7671 7700 7821 8011 8170 8446
 8720 8778 8891 8917 8928 8947 8952 9030 9159 9165 9353 9447 9448 9742]","[ 240  261  377  520  525  573  715  720  743  759  794  845  927 1082
 1126 1133 1163 1213 1289 1296 1304 1543 1591 1625 1721 1803 1813 2050
 2063 2231 2456 2642 2880 3138 3368 3837 4210 4228 4318 4322 4433 4550
 4562 4842 5312 5359 5754 5991 6101 6146 6263 6427 6461 6496 6579 6661
 6847 6948 7084 7232 7412 7484 7491 7593 7632 7647 7672 7829 7965 7978
 8299 8405 8455 8481 8500 8505 8543 8579 8777 8888 8901 8998 9276 9388
 9701 9774]","[  52   79  168  274  396  538  752  765  812  900  915 1010 1186 1414
 1464 1468 1530 1604 1666 2061 2102 2381 2516 2520 2590 2928 3200 3240
 3302 3394 3398 3463 3467 3504 3509 3723 3788 3799 3857 3908 4001 4073
 4081 4251 4457 4471 4509 4718 5316 5368 5373 5433 5485 5550 5641 5677
 5733 5756 5761 5772 5799 5816 5848 5965 6016 6329 6349 6481 6534 6580
 6857 6926 7168 7322 7343 7384 7581 7802 7840 7858 7874 7902 7980 8042
 8259 8382 8396 8411 8520 8560 8581 8593 8680 8836 9025 9094 9189 9308
 9381 9494 9520 9698]"
"[   6   75  451  487  500  532  729  904 1028 1038 1053 1147 1149 1248
 1308 1336 1389 1463 1571 1616 1624 1629 1706 1816 1873 1905 1922 1965
 1978 2117 2224 2279 2439 2503 2634 2647 2673 2755 2866 2908 2958 3035
 3046 3267 3318 3322 3411 3485 3492 3630 3817 3828 3879 3946 3999 4042
 4285 4485 4626 4633 4645 4653 4722 4761 4918 4919 4956 4995 5029 5121
 5145 5221 5237 5247 5352 5505 5649 5717 5776 5787 5834 5864 6004 6226
 6228 6301 6411 6468 6470 6507 6767 6805 6962 7178 7209 7210 7231 7311
 7356 7367 7466 7486 7537 7606 7714 7723 7754 7981 8049 8131 8144 8230
 8318 8409 8441 8458 8477 8686 8693 8732 8869 9206 9609 9612 9736]","[   9  233  329  332  471  698  699  925 1131 1139 1180 1395 1469 1521
 1776 1778 1931 2213 2243 2311 2386 2443 2488 2490 2500 2501 2535 2581
 2609 2637 2734 2951 3146 3185 3277 3406 3450 3530 3760 4062 4097 4328
 4522 4708 4924 4966 5043 5177 5300 5364 5405 5450 5584 5687 5797 6127
 6175 6284 6330 6382 6575 6625 6646 6750 6762 6829 6996 7208 7263 7661
 7707 7761 7814 8102 8185 8199 8376 8380 8415 8818 8903 8939 8967 9064
 9085 9210 9241 9251 9279 9514 9566 9568 9571 9602]","[ 185  792  921 1456 1844 2134 2314 2580 2631 2972 3805 4202 4321 4654
 4737 5036 5104 5105 6001 6289 6408 6490 6709 7082 7405 7406 7518 7589
 7986 8029 8222 8896 9146 9154 9671 9776]"
"[  10   65  116  138  171  210  753  809  883  954 1049 1064 1092 1219
 1225 1355 1378 1424 1447 1646 1687 1703 1848 1914 1932 2038 2168 2171
 2211 2262 2336 2424 2478 2602 2735 2995 3052 3136 3238 3353 3452 3505
 3792 3802 3904 4030 4058 4072 4188 4280 4666 4719 4798 4876 4928 4959
 5010 5038 5148 5202 5326 5397 5441 5871 5927 6123 6244 6373 6412 6441
 6548 6587 6840 6842 6955 7382 7629 8066 8134 8381 8545 8584 8639 8679
 8885 8904 8910 9045 9181 9341 9426 9435 9641 9690 9699 9796 9804]","[ 132  182  201  260  335  338  701  821  937  945 1307 1360 1392 1451
 1498 1818 1875 1901 1924 1952 1986 2023 2128 2185 2216 2466 2512 2571
 2588 2607 2651 2786 2805 2896 3056 3132 3181 3330 3476 3645 3650 3725
 3782 3944 3957 3973 3985 4038 4158 4178 4200 4817 4853 4992 5228 5255
 5295 5334 5491 5535 5548 5739 5759 5764 5765 5766 5837 6153 6225 6229
 6344 6422 6591 6622 6655 6699 6860 6932 7114 7462 7477 7682 7748 7816
 7938 8161 8663 8790 8831 9036 9039 9335 9456 9647 9659 9806]","[ 212  325  330  334  572  588  784  856 1132 1393 1445 1719 1729 1748
 1779 1780 2140 2324 2411 2545 2583 2638 2700 2701 2842 2943 3763 4091
 4098 4142 4443 4521 4546 4566 4922 4923 5243 5275 5349 5406 5442 5528
 5570 5621 5630 5703 5853 5890 5893 5910 6212 6268 6274 6372 6381 6385
 6417 6559 6815 6861 6921 6946 7189 7324 7444 7709 7762 7813 7868 7879
 8175 8200 9215 9238 9479]"
"[  55  397  433  436  445  598  663  808 1277 1442 1658 1788 1847 2084
 2319 2353 2408 2494 2715 2780 2855 2897 2947 2964 3199 3346 3501 3506
 3591 3683 3883 4233 4307 4582 4779 4896 5006 5076 5077 5103 5114 5186
 5414 5417 5428 5466 5566 5616 5779 5780 5792 5859 6035 6036 6115 6217
 6316 6905 7109 7166 7282 7461 7500 7875 7891 7919 7939 8033 8138 8281
 8364 8367 8645 8829 8974 9095 9267 9377 9492 9530 9545 9713]","[ 112  203  328  347  446  498  594  596  647  686  687  806  841 1020
 1115 1247 1260 1278 1688 1761 1980 2154 2403 2471 2495 2625 2856 3063
 3073 3074 3111 3117 3159 3198 3243 3373 3400 3440 3496 3502 3593 3602
 3634 3701 3703 3912 3941 3948 4012 4135 4146 4332 4438 4581 4606 4622
 4807 5007 5090 5108 5113 5196 5233 5235 5426 5427 5488 5615 5694 5791
 5866 5923 6218 6326 6328 6525 6685 6697 6763 6890 6904 7019 7110 7149
 7165 7220 7283 7297 7498 7504 7673 7678 7779 7810 7877 7892 7992 8061
 8137 8226 8244 8253 8314 8330 8346 8702 8828 8871 8887 8960 8973 9099
 9169 9293 9491 9501 9502 9511 9531 9557 9695]","[  54  307  362  475  546  658 1121 1300 1330 1594 1647 1786 1888 1900
 2174 2176 2179 2273 2276 2371 2402 2431 2462 2573 3028 3110 3133 3375
 3636 3682 3716 3919 4007 4067 4096 4507 4596 4600 4712 4744 4829 4857
 4999 5075 5416 5902 5980 6114 6243 6315 6367 6616 6659 6707 6929 7653
 7811 7844 8038 8469 8517 8536 8605 8646 8676 8872 8964 9143 9167 9302
 9498]"
"[  12   13   99  292  565  619  741  790  850 1188 1375 1540 1808 1837
 1864 2157 2326 2405 2657 2955 3266 3519 3887 4057 4492 4749 4764 4977
 4990 5158 5492 5795 5956 6151 6636 6736 6919 7164 7269 7363 7474 7515
 7615 7855 8081 8334 8624 9261 9272 9598 9599 9630]","[  97  401  486  556  849 1137 1138 1455 1526 1806 1852 1853 1906 1990
 2017 2089 2136 2160 2605 2623 2921 2945 3090 3098 3144 3207 3428 3437
 3539 3554 3603 3894 3977 4008 4028 4079 4203 4319 4368 4401 4583 4617
 4629 4663 4765 4767 4826 4888 4889 4899 4900 4998 5037 5050 5082 5185
 5198 5214 5445 5597 5802 5933 5942 6058 6118 6324 6340 6368 6432 6463
 6530 6637 6704 6748 6823 6964 7001 7068 7228 7252 7287 7303 7339 7378
 7535 7563 7668 7685 7806 7820 7947 7983 8012 8031 8188 8489 8652 8658
 8685 8787 8792 8793 8927 8948 9010 9043 9490 9628 9740 9745]","[  41  564  726 1068 1095 1214 1440 1494 2055 2309 2373 2458 2667 2771
 3007 3010 3228 3254 4244 4503 4658 4849 4852 4979 5003 5125 5129 5267
 5562 5618 5671 5958 6061 6451 6497 6833 6988 6990 7046 7134 7574 7648
 7698 8089 8126 8323 8465 8542 9029 9164 9684 9729 9735]"
"[  63  165  192  364  982 1046 1450 1589 1600 2150 2184 2655 2713 2867
 3303 3355 3431 3445 3698 4131 4869 4914 5107 5423 5425 6667 6723 6740
 7067 7147 7275 7317 7677 7825 8304 8717 8752 8758 8895 8978 9455 9473
 9505 9679]","[  62  159  167  285  356  358  469  688  691  707 1242 1282 1354 1525
 1584 1668 1834 2004 2027 2067 2072 2139 2261 2399 2579 2595 3069 3213
 3215 3312 3384 3925 3953 3961 3967 3987 4016 4086 4281 4427 4539 4554
 4735 4799 5429 5503 5555 6021 6030 6149 6371 6414 6477 6547 6653 6672
 6719 6742 6826 6944 6965 7120 7449 7514 7679 7944 8014 8074 8201 8821
 9054 9480 9519 9805]","[ 157  521  571 1156 1459 1612 1935 2045 2285 2286 2294 2315 2345 2449
 2453 2481 2531 2536 2764 3796 3931 4206 4230 5719 5883 5999 6195 6240
 6285 6294 6607 6664 7038 7054 7076 7095 7105 7848 7926 8062 8209 8210
 8368 8378 8418 8492 9056 9184 9438 9439 9544 9771]"
"[  16  119  195  391  393  505  555  652  709  744  746  764  777  793
  865  867 1041 1043 1194 1340 1353 1383 1454 1714 1890 1896 2026 2033
 2122 2132 2133 2251 2312 2446 2514 2684 2911 2923 2954 3186 3188 3203
 3209 3281 3379 3425 3490 3690 3746 3794 3820 3968 4017 4110 4177 4192
 4294 4323 4350 4390 4441 4449 4535 4689 4690 4786 4795 4892 5074 5092
 5136 5248 5285 5308 5314 5356 5374 5422 5496 5530 5573 5628 5666 5832
 5887 5918 5960 6097 6221 6256 6363 6455 6469 6703 6824 6838 6839 6897
 6938 6952 7021 7085 7173 7272 7273 7334 7372 7438 7483 7539 7540 7602
 7729 7750 7850 7905 8001 8002 8072 8108 8211 8240 8339 8425 8597 8660
 8897 8898 9009 9147 9174 9339 9517 9558]","[  23  440  448 1030 1272 1478 1570 1876 1936 1942 2100 2241 2254 2615
 2728 2775 2963 3001 3668 4021 4049 4336 4354 4418 4789 4824 5383 5465
 5646 5938 5998 6155 6603 6663 6690 6804 7623 7624 7763 7794 8003 8091
 8203 8246 8366 8526 8564 8731 8914 8934 8993 9223 9305 9359 9546 9581
 9645 9712]","[  15  118  631  745  763  778  848  912 1343 1501 1712 2021 2121 2253
 2337 2445 2629 3202 3258 3426 3540 3734 3955 4047 4292 4349 4536 4733
 4772 4818 4911 5134 5213 5286 5357 5504 5830 5917 6119 6464 6511 6822
 6837 6841 7069 7083 7171 7249 7667 7686 7719 7948 8180 9008 9221 9738
 9803]"
"[  39  288  301  465  482  643  747  846  968 1072 1134 1627 1654 1731
 2230 2448 2457 2549 2798 3009 3016 3548 3584 3720 3755 3781 3785 4102
 4163 4165 4359 4396 4397 4402 4404 4426 4502 4814 4846 4851 4938 5124
 5180 5527 5538 5564 6143 6145 6306 6825 6945 7140 7187 7411 7517 7561
 7646 7851 7924 7928 7960 7961 8090 8325 8437 8456 8460 8996 9148 9229
 9232 9234 9274 9304 9406 9410]","[  92  199  286  476  558  625  657  786 1005 1007 1058 1109 1123 1158
 1241 1405 1430 1433 1559 1561 1615 1735 1886 1955 2178 2181 2692 2815
 2835 2932 3134 3233 3261 3902 3950 4113 4268 4299 4439 4601 4768 4970
 5096 5521 5749 5784 5896 5901 6312 6443 6444 6710 6757 6883 7130 7298
 7319 7402 7488 7997 7999 8058 8115 8315 8606 8610 8671 8690 8799 8874
 8921 8989 9020 9022 9142 9459 9670 9678 9765 9787]","[  90   95  251  510  612  991 1021 1274 1574 1682 1801 1969 1983 1991
 2019 2082 2090 2110 2137 2210 2427 2618 2828 2891 2941 3018 3088 3093
 3154 3204 3347 3376 3460 3529 3549 3704 3810 3826 3834 3938 3979 4060
 4286 4308 4316 4584 4664 4682 4717 4740 4787 4840 4864 4874 4950 5083
 5116 5187 5234 5250 5325 5431 5439 5446 5574 5586 5633 5753 5926 5943
 5969 5997 6060 6219 6299 6323 6339 6430 6486 6638 6640 6850 6940 6947
 6957 7238 7285 7337 7375 7379 7450 7560 7603 7619 7666 7670 7727 7885
 7962 8071 8173 8187 8213 8236 8407 8572 8615 8788 8955 9157 9320 9337
 9487 9547 9785]"
"[  37  252  302  399  484  537 1066 1554 1670 1764 2012 2022 2149 2461
 2606 3027 3155 3245 3348 3449 3827 3893 4009 4106 4204 4288 4315 4325
 4326 4545 4739 4908 4935 5211 5241 5376 5437 5444 5638 5820 5963 6068
 6361 6390 7094 7244 7377 7399 7426 7669 7949 7988 8221 8433 8594 8877
 9295 9481 9499 9576 9788 9790]","[   7   40   85   98  177  268  290  296  300  483  488  736  810  829
 1003 1039 1078 1097 1377 1473 1839 1946 2065 2173 2342 2515 2574 2619
 2711 2772 2781 2937 2980 3084 3119 3205 3229 3334 3357 3518 3576 3876
 4196 4243 4414 4464 4647 4684 4693 4699 4875 4904 4968 4978 4996 5110
 5181 5230 5353 5447 5599 5668 5789 6181 6245 6365 6378 6459 7162 7203
 7358 7544 7549 7696 7737 7753 7897 8197 8336 8395 8467 8940 9163 9203
 9484 9585 9632 9770 9809]","[   2   19  136  574  587  697  748  785 1166 1224 1421 1556 1994 2377
 2441 2489 2604 2860 2878 2930 3153 3282 3414 3436 3599 3986 4034 4041
 4891 5210 5365 5455 5750 5897 6100 6110 6250 6313 6343 6549 6626 6865
 7004 7127 7138 7234 7394 7554 8389 8431 8596 8719 8794 8951 8997 9033
 9084 9297 9316 9518 9677]"
"[ 275  414  725  804  886  988 1090 1161 1295 1311 1337 1385 1386 2124
 2143 2305 2362 2688 2730 2918 2979 3078 3080 3269 3525 3620 4088 4090
 4283 4317 4674 4692 4753 4845 4940 5048 5142 5387 5533 5601 5705 5725
 5758 5971 5975 6013 6031 6420 6448 6479 6986 7055 7158 7195 7365 7446
 7568 7610 7611 7917 7933 8196 8393 8590 8852 8918 9130 9153 9383 9385
 9400 9401 9402 9470 9811]","[  61  140  324  344  361  383  413  463  575  579  783  860  879  955
  959 1094 1496 1497 1536 1577 1686 1720 1727 1750 1894 2075 2228 2298
 2323 2547 2742 2753 2854 2893 3019 3156 3273 3413 3486 3629 3764 3937
 4040 4143 4144 4388 4576 4586 4668 4673 5220 5507 5529 5565 5575 5595
 5629 5894 5990 6009 6276 6345 6571 6611 6792 6794 6959 6982 7020 7141
 7233 7425 7431 7759 7880 7934 8176 8387 8541 8577 8722 8809 8864 8949
 9240 9244 9298 9357 9421 9808]","[ 107  327  437  584  626  629  648  807  835  840  889 1113 1302 1349
 1370 1443 1484 1504 1517 1643 1690 1760 1823 2024 2145 2153 2256 2263
 2283 2297 2351 2369 2472 2474 2496 2513 2617 2760 2857 2916 2982 3139
 3180 3192 3257 3345 3500 3508 3592 3595 3640 3685 3696 3882 3884 4010
 4133 4241 4298 4452 4621 4677 4707 5091 5412 5490 5579 5682 5860 5876
 6034 6237 6246 6494 6570 6852 6871 6903 6911 7047 7112 7150 7218 7292
 7357 7489 7505 7519 7551 7637 7663 7744 7767 7863 7953 7996 8007 8060
 8312 8320 8329 8363 8435 8570 8683 8737 8741 8755 8771 8785 8827 8833
 9077 9098 9119 9171 9278 9288 9529 9555 9711 9819]"
"[ 295  621  924  929  957 1290 1314 1420 1502 1533 1542 1575 1576 1718
 1740 1893 2058 2074 2083 2296 2413 2610 2611 2678 2680 2740 2793 2859
 2905 3005 3060 3487 3761 3765 4039 4076 4229 4382 4529 4565 4574 4661
 4854 5106 5219 5251 5299 5321 5459 5470 5546 5556 5569 5622 5852 6088
 6102 6108 6109 6261 6272 6406 6445 6601 6813 6846 6902 7002 7061 7235
 7409 7432 7443 7490 7631 7710 7757 7893 7922 8177 8308 8464 8503 8540
 8743 8889 8950 9005 9673 9676 9705 9775]","[ 415  869  893  948 1840 1938 2436 3361 3583 3655 4867 5127 6342 7186
 7516 8439 8591 9156 9231 9795]","[  84  299  417  489  737  868  884  987 1026 1071 1091 1297 1312 1756
 1841 1863 1947 2569 2797 2904 2919 2978 4089 4209 4358 4398 4403 4482
 4831 4847 4937 5065 5122 5179 5246 5493 5537 6012 6152 6305 6449 6572
 6985 7143 7543 7612 7916 8410 8592 9129 9151 9230 9407 9597]"
"[  51   88  169  206  272  394  502  517  531  541  563  666  751  766
  838  901 1012 1065 1105 1252 1338 1344 1514 1531 1605 1632 1784 1790
 1865 1926 2018 2047 2053 2347 2391 2552 2644 2675 2706 2871 3143 3300
 3313 3324 3396 3397 3721 3787 3812 3855 4128 4220 4376 4508 4534 4709
 4801 4920 5020 5035 5039 5163 5191 5274 5293 5367 5487 5506 5602 5613
 5634 5679 5731 5801 5815 5850 5909 5945 5951 6018 6087 6377 6388 6483
 6582 6777 6779 6856 6913 6958 7089 7237 7250 7388 7424 7508 7512 7583
 7592 7649 7657 7796 7803 7841 7901 7964 8050 8123 8217 8258 8300 8340
 8360 8518 8557 8562 8583 8635 8708 8781 8840 8956 8986 9086 9088 9309
 9331 9369 9376 9396 9398 9572 9653 9685 9710]","[  36   58  304  536 1169 1507 1555 1650 1763 1789 1895 1897 2257 2621
 2693 2976 3152 4314 4619 4758 4850 5066 5068 5639 5781 5819 5882 5962
 6194 6359 6835 7005 7080 7092 7242 7927 7969 8133 8292 8384 8432 8712
 9325 9551 9574 9714]","[  11  217  263  265  449  519  542  550  690 1017 1045 1191 1217 1316
 1470 1657 1772 1885 1915 1944 2011 2162 2196 2250 2331 2465 2624 2691
 2732 2737 2751 2795 2831 2899 2914 3161 3218 3532 3669 3747 3791 3859
 3875 3892 4124 4162 4179 4195 4290 4605 4678 4776 4964 5033 5298 5304
 5554 5656 5681 5695 5798 5873 5954 6065 6224 6307 6370 6403 6500 7179
 7216 7265 7459 7601 7641 7692 7749 7861 7991 8083 8097 8101 8186 8348
 8357 8650 8669 8698 8709 8761 8764 8768 8780 8806 8811 8932 9108 9216
 9282 9392 9564 9601 9750]"
"[  31   32   72   77   78   91  133  179  342  443  614  628  630  760
  814  913  916  923 1004 1202 1209 1276 1305 1396 1500 1563 1564 1671
 1673 1805 1927 1968 1985 2003 2013 2076 2091 2103 2135 2266 2382 2422
 2426 2507 2517 2702 2830 2929 2953 3086 3089 3189 3242 3250 3327 3458
 3461 3555 3605 3801 3806 3836 3909 4003 4027 4045 4046 4074 4320 4356
 4367 4413 4458 4473 4512 4530 4585 4628 4636 4665 4769 4771 4906 4912
 4949 4997 5004 5024 5256 5310 5318 5430 5440 5585 5728 5970 6002 6017
 6042 6205 6216 6291 6325 6338 6369 6399 6431 6465 6484 6510 6522 6583
 6597 6811 6939 6968 7115 7132 7152 7169 7206 7227 7256 7304 7414 7569
 7636 7639 7687 7721 7872 7884 7963 7982 8043 8172 8189 8235 8241 8331
 8333 8412 8424 8488 8528 8554 8681 8728 8786 8797 8837 9024 9041 9061
 9145 9197 9321 9326 9380 9387 9440 9485 9497 9586 9593 9629 9697 9746]","[ 137  281  472  696  740  816  942  962 1069 1098 1099 1103 1548 1859
 1882 2130 2372 2397 2668 3168 3626 3671 3677 3750 3928 4059 4225 4504
 4569 5013 5290 5375 5560 5592 5949 5984 6063 6727 6765 7060 7107 7421
 8178 8265 8349 8383 8716 8972 9050 9195 9370 9390 9418 9782]","[ 231  548  665  887 1136 1193 1509 1697 1858 1877 2622 2712 3049 3187
 3643 3675 3926 4108 4213 4231 4255 4269 4610 4844 4985 5022 5059 5084
 5240 5259 5377 5563 5609 5675 5786 5842 5964 5983 6140 6178 6391 6634
 6673 6691 6836 7192 7230 7243 7276 7427 7437 7774 8168 8264 8343 8386
 8404 8580 8800 8879 8958 9051 9264 9420 9474 9582 9773 9792]"
"[ 113  127  158  160  411  511  523  637  899 1171 1649 2080 2293 2375
 2597 3482 3676 3735 4211 4578 4620 4773 4986 5227 6139 6180 6183 6251
 6574 6769 6863 6907 7400 7439 7778 7970 8117 8379 8656 8795 9160 9208
 9263 9510 9752]","[ 148  151  211  882 1187 1287 1293 1318 1602 1652 1716 1820 1849 2202
 2328 2366 2412 2548 2603 2810 2931 3197 3309 3389 3516 3517 4053 4055
 4591 4882 4883 4958 4988 5009 5119 5315 5327 5443 5577 5594 5712 5718
 6095 6130 6169 6220 6296 6332 6440 6521 6588 6666 6713 6887 6891 7116
 7174 7364 7596 7722 7852 8088 8408 8677 8796 8884 8905 8911 9032 9093
 9121 9182 9259 9291 9340 9343 9408 9562 9667]","[  71  196  303  392  422  507  554  651  864 1042 1235 1341 1356 1423
 1546 1889 2159 2167 2260 2767 2884 2952 2973 3015 3314 3367 3451 3689
 3759 3779 3821 4109 4176 4282 4428 4615 4688 4797 4898 4907 5073 5147
 5307 5313 5420 5495 5531 5532 5626 5664 5667 5869 6148 6222 6258 6362
 6456 6471 6718 6785 6899 6937 6951 6953 7022 7027 7274 7333 7371 7380
 7482 7525 7526 7541 7904 7907 8000 8067 8106 8242 8426 8475 8476 8892
 9053 9172 9196 9409 9442 9559]"
"[  27  102  142  181  267  317  354  368  474  592  675  773  874 1061
 1175 1268 1284 1598 1736 1833 1911 1954 2109 2114 2188 2245 2498 2534
 2660 2670 2778 2800 2824 2847 2868 2900 3004 3164 3317 3434 3473 3538
 3563 3569 3975 4022 4256 4279 4407 4670 4696 4702 4821 4861 4921 5080
 5173 5369 5605 5658 5689 5899 5930 5966 6072 6171 6234 6400 6416 6505
 6537 6589 6620 6629 6675 6676 6744 6807 6874 6912 6976 6979 6994 7065
 7071 7182 7599 7616 7680 7799 7818 7836 7837 7914 7929 7930 7942 7976
 8027 8044 8146 8204 8254 8296 8370 8508 8621 8700 8775 8824 8976 8977
 9027 9242 9452 9461 9623 9688 9761 9822]","[  20   24   50  121  144  254  270  369  460  769  799  842  965 1128
 1144 1182 1265 1332 1511 1683 1832 1964 1988 2029 2032 2195 2199 2332
 2497 2565 2791 2844 2888 2902 3043 3106 3141 3491 3523 3544 3557 3731
 3854 3994 4138 4232 4275 4345 4362 4385 4420 4489 4496 4634 4700 4774
 4987 5222 5329 5370 5400 5477 5659 5865 5891 6071 6134 6173 6235 6286
 6565 6680 6746 6758 7051 7184 7350 7359 7368 7468 7503 7557 7584 7614
 7731 7746 7784 7797 7995 8020 8142 8147 8287 8289 8307 8322 8372 8506
 8546 8601 8612 8613 8697 8804 8990 9190 9284 9449 9539 9682 9704 9759]","[  74  134  143  819  873  903  939 1031 1309 1479 1481 1635 1660 1663
 1912 2042 2239 2525 2550 2613 2838 3000 3120 3195 3249 3315 3366 3739
 3771 3863 3866 3889 4186 4187 4353 4373 4406 4469 4571 4872 4960 5014
 5301 5382 5463 5467 5648 5929 6182 6333 6596 6604 6670 6677 6735 6761
 6858 7014 7025 7613 7622 7839 7898 7910 8004 8025 8247 8459 8472 8661
 8729 8915 9211 9258 9350 9532 9541 9550 9666]"
"[ 264  600  644  694  702  782  881  997 1079 1286 1363 1364 1887 2025
 2161 2208 2227 2464 2540 2541 2570 2802 2804 2845 3160 3290 3393 3628
 3726 3971 4157 4278 4387 4587 4833 5282 5302 5346 5351 5451 5458 5707
 6423 6424 6519 6564 6609 6711 6831 6864 6960 6984 7690 7866 7878 8077
 8079 8575 9245 9249 9300]","[ 238  438  623  774 1185 1264 1527 1567 1608 1609 1642 1659 1726 1810
 1910 2068 2288 2350 2352 2376 2698 2763 3270 3271 3700 4020 4051 4069
 5016 5132 5471 5547 5710 5715 6064 6116 6184 6247 6273 6319 6493 6515
 6820 6821 6843 6942 7041 7247 7323 7742 8024 8064 8103 8109 8111 8116
 8243 8319 8462 8509 8530 8801 8838 9073 9262 9533 9664]","[ 512  590  711  716  757  944  956  998 1051 1080 1093 1170 1196 1198
 1489 1565 1850 1892 2009 2437 2487 2499 2533 2679 2682 2686 3077 3310
 3421 3515 3753 3762 3871 4014 4077 4159 4360 4667 4941 5042 5469 5576
 5818 6309 6355 6520 6535 6712 6885 6983 7410 7585 7691 7809 7888 8416
 8483 8484 8485 8734 8779 8970 9035 9219 9260 9436 9488 9700]"
"[ 306  387  454  547  633  638  661  714  822  978 1083 1239 1254 1391
 1399 1870 1871 1884 2144 2177 2277 2475 2572 2620 2757 2761 3114 3125
 3717 3738 4095 4147 4216 4445 4454 4459 4506 4598 4713 4810 4963 5480
 5723 5744 5844 5939 6105 6162 6615 6683 6909 6928 6931 6941 7123 7161
 7520 7824 7843 8039 8057 8268 8365 8430 8654 8684 8756 8873 8944 8963
 9100 9136 9204 9475]","[   3   67   73  207  503  539  540  615  727  750  767  836 1008 1234
 1407 1446 1466 1486 1639 1891 1967 2039 2093 2101 2169 2209 2238 2267
 2388 2705 2707 2811 2813 2992 3237 3259 3326 3338 3387 3495 4002 4084
 4141 4190 4193 4291 4442 4450 4511 4613 4834 4893 5005 5034 5209 5294
 5407 5408 5483 5486 5499 5520 5524 5611 5620 5735 6252 6351 6524 6540
 6643 7031 7154 7332 7351 7383 7423 7501 7527 7528 7530 7571 7815 8132
 8215 8398 8413 8558 8569 8623 8747 8748 8846 8984 9162 9188 9214 9250
 9280 9332 9374 9412 9437 9441 9489 9507 9652 9755]","[  21  153  297  642  685  827  950 1263 1334 1390 1453 1586 1622 1809
 1872 1998 2088 2119 2131 2310 2560 2633 2645 2646 2774 2779 3020 3170
 3819 3830 4221 4340 4411 4570 4640 4671 4685 4691 4703 4759 4785 5028
 5354 5448 5600 5698 5788 6210 6458 6466 6628 7058 7059 7175 7211 7366
 7390 7485 7573 7896 8206 8274 8353 8478 8588 8705 8715 8883 9019 9113
 9132 9135 9433]"
"[  59  545  586  656 1084 1086 1100 1119 1122 1299 1331 1505 1535 1549
 1593 1843 1898 1939 1956 2175 2370 2398 2414 2430 2433 2578 3039 3423
 3429 3638 3654 3842 4120 4556 4558 4602 4609 4743 4745 5044 5279 5399
 5982 6728 7008 7009 7125 7126 7128 7222 7223 7404 7416 7454 7716 8282
 8501 8538 9034 9317 9416 9784]",[4931 4932 4933 7440],"[  30   57  103  125  129  314  316  442  485  524  604  669  823  908
 1141 1240 1243 1255 1381 1404 1524 1562 1637 1734 1794 1804 1835 2002
 2077 2148 2236 2268 2491 2596 2725 2816 2909 2926 2991 3067 3208 3234
 3382 3447 3478 3666 3921 3923 3970 4015 4400 4410 4513 4599 4827 4901
 5008 5197 5395 5518 5724 5804 5889 5932 6026 6264 6398 6413 6476 6523
 6702 6743 6747 6786 6966 7029 7113 7229 7253 7289 7524 7713 7804 7920
 8019 8428 8529 8555 8608 8657 9013 9063 9080 9180 9202 9292 9513 9627
 9635 9754]"
"[ 135  379  381  382  826  861  983 1102 1579 1610 1699 1979 2085 2180
 2295 2317 2343 2442 2608 2663 2894 2934 3182 3929 3935 4217 4218 4657
 5085 5087 5257 5561 5919 6084 6197 6317 6341 6543 6573 6818 6923 7074
 7075 7191 7331 7478 7566 7766 7812 7869 7925 8167 8208 8513 8666 8726
 8982 8983 9049 9366 9583 9772]","[  45   66  320  749 1160 1679 1700 1771 1795 2360 2418 2558 2659 2796
 2903 2968 3211 3212 3264 3550 4033 4093 4815 5123 5281 5494 5536 6033
 6320 6450 7063 7196 7270 7831 8010 8461 8848 8849 9131 9472 9548 9604
 9624]","[  35   49  235  367  375  529  602  676  681  770  802  960 1000 1076
 1118 1143 1269 1324 1457 1475 1745 1831 1918 1941 1957 2108 2112 2244
 2247 2269 2327 2364 2387 2450 2543 2669 2790 2808 2863 2948 3104 3165
 3286 3289 3469 3512 3570 3579 3715 3851 3982 3993 4191 4277 4339 4386
 4479 4490 4527 4588 4687 4701 4886 5030 5079 5151 5223 5226 5457 5534
 5768 5774 5809 5833 5855 6177 6439 6645 6724 6745 6809 6895 6993 7302
 7328 7434 7726 7758 7817 7932 7974 8118 8151 8202 8216 8373 8507 8547
 8549 8820 8851 8865 8868 8882 9089 9183 9191 9243 9283 9289 9417 9590
 9689 9727 9734]"
"[ 298  735  828 1148 1388 1587 1860 2057 2115 2341 2865 3012 3112 3333
 3409 3422 3446 3498 3585 3714 3888 3907 4000 4311 4639 4683 4704 4863
 5157 5204 5205 5216 5699 5992 6366 6759 6877 7028 7056 7057 7204 7295
 7736 7895 7984 8205 8207 8350 8551 8655 8830 8925 8942 9217 9218 9371
 9432 9668 9681]","[ 130  494  544  549  570  662  668  787  909  980 1174 1298 1698 2316
 2415 2429 2665 2969 2971 3030 3038 3115 3226 3227 3308 3432 3480 3558
 4107 4129 4361 4461 4517 4943 5000 5101 5102 5920 6083 6160 6556 7118
 7221 7299 7556 7576 7772 7890 8266 8337 8875 9504]","[  46  209  703  847 1523 1702 1770 1796 1821 1953 2170 2200 2359 2658
 2852 3210 3619 3756 4100 4101 4151 4164 4381 4383 4930 4989 5011 5049
 5551 5593 5760 5972 6147 6353 6462 6577 6827 6892 7139 7159 7188 7194
 7442 7832 7853 8327 8678 8721 8850 8912 8929 9275 9306 9358 9384 9411
 9625 9783 9807]"
"[   1  333  359  372  430  470  689  710  854 1130 1394 1655 1749 2097
 2582 2636 2733 3118 3184 3408 3832 4063 4087 4180 4329 4520 4526 4559
 4561 4944 5403 5571 5631 5686 5704 5892 6269 6275 6380 6830 7048 7190
 7325 7330 7471 7555 7708 7760 8819 8822 8980 9083 9569]","[  69  147  187  350  562  566  671  820  985 1027 1067 1275 1550 1829
 2031 2034 2220 2290 2561 3013 3253 3321 3510 3590 3706 3722 3856 3861
 3906 4005 4068 4270 4287 4342 4416 4468 4475 4514 4625 4637 4662 4676
 4720 4732 4750 4770 4823 4980 5021 5057 5128 5189 5190 5193 5317 5391
 5472 5501 5502 5655 5748 5752 5770 5813 5824 5884 5968 5979 6044 6091
 6189 6208 6300 6395 6512 6585 6595 6639 6796 6797 6801 6925 6963 6987
 7024 7100 7153 7170 7345 7387 7389 7396 7417 7547 7621 7665 7699 7777
 8125 8229 8311 8401 8573 8586 8718 8738 8842 8878 9002 9006 9017 9112
 9149 9158 9319 9382 9431 9496 9525 9619 9620 9731]","[  64  788  911 1474 1707 1838 1963 2151 2406 2754 3265 3305 3356 3881
 3903 4056 4121 4310 4868 4976 5201 5203 5794 5863 5994 6188 6204 6478
 6586 7117 7163 7362 7538 8008 8335 8480 8567 8941 9810]"
"[  56  104  245  576  815  931 1236 1492 1528 2287 2479 2537 2694 3573
 4205 4302 4343 4969 5058 5277 5881 5985 6138 6238 6292 6472 6514 6834
 7091 7199 8269 8293 8302 8603 8617 8766 9363 9575 9793]","[ 120  197  230  232  395  421  506  543  553  581  650  762  776  791
 1195 1342 1351 1382 1402 1545 1713 2020 2028 2120 2252 2313 2444 2628
 2794 2910 3006 3026 3201 3280 3424 3489 3691 3745 3780 3795 3822 4111
 4293 4351 4447 4537 4796 4897 4913 5072 5093 5135 5355 5421 5572 5665
 5831 5888 6040 6099 6257 6348 6364 6454 6898 6936 6950 7026 7172 7286
 7373 7481 7502 7650 7728 7903 8073 8107 8212 8474 8561 8598 8659 9046
 9220 9222 9338 9560 9739]","[  60  289  345  360  607  679  693  830  895  926  958 1057 1135 1220
 1230 1578 1739 1880 2036 2073 2232 2302 2447 2687 2743 2748 2843 2881
 2936 3061 3103 3275 3712 3743 3823 3936 3976 4150 4437 4460 4501 4549
 4560 4895 4903 4946 5195 5218 5253 5296 5319 5347 5390 5410 5880 5885
 5906 5921 5936 5988 6054 6089 6318 6554 6623 6729 6817 6848 6900 6998
 7043 7433 7470 7567 7633 7790 7923 8078 8080 8128 8438 8504 8539 8662
 8701 8899 9047 9299 9344 9360 9365 9378 9430 9445 9535 9552 9638]"
"[  93  124  557  603  678  695  721  738  890  986 1060 1114 1140 1244
 1638 1842 1992 2111 2155 2389 2492 2577 2690 2724 2765 2814 2833 2890
 3017 3175 3235 3369 3527 3611 3939 3969 4399 4451 4675 4741 4825 4890
 4902 5081 5212 5239 5342 5525 5549 5785 5903 5931 5996 6022 6167 6538
 6641 6717 6787 6814 6853 6881 6882 7030 7155 7251 7291 7338 7352 7376
 7487 7495 7534 7620 7654 8220 8436 8674 8753 8791 8845 9062 9082 9179
 9512 9522 9799 9820]","[ 141  388  407  434  455  466  478  491  593  674  871 1063 1410 1590
 1617 1648 1767 1974 2015 2040 2225 2271 2281 2394 2493 2612 2717 2801
 2822 3044 3148 3163 3316 3372 3433 3622 3688 3697 3710 3740 3850 3962
 4237 4695 4805 4916 4952 5017 5155 5174 5322 5418 5900 6057 6121 6122
 6201 6265 6435 6467 6771 6776 6808 6869 6977 6992 7313 7658 7739 7838
 7955 8087 8153 8237 8239 8297 8392 8448 8673 8745 8754 8776 8815 8825
 8870 9117 9127 9176 9423 9606 9608 9812]","[ 149  257  291  322  384  412  568  664  706  742  803  852  880  947
  994 1054 1088 1125 1164 1199 1306 1628 1653 1681 1970 2001 2030 2141
 2197 2215 2292 2451 2482 2566 2708 2817 2818 3058 3082 3100 3295 3331
 3589 3707 3767 3914 3972 4066 4155 4174 4224 4348 4462 4515 4563 4593
 4672 4730 4742 4755 4790 4813 5231 5324 5336 5478 5541 5544 5651 5654
 5706 5716 5727 5777 5810 5812 6011 6079 6346 6425 6447 6612 6688 6844
 7036 7201 7213 7271 7341 7386 7419 7683 7966 8232 8356 8400 8442 8498
 8502 8854 9000 9205 9310 9373 9386 9466]"
"[ 269  380  649  832  839  995 1018 1085 1482 1689 1744 1828 1903 1943
 2265 2404 2527 2528 2598 2616 2626 2683 2940 2983 3140 3216 3256 3332
 3370 3405 3633 3641 3684 3708 3853 3874 4132 4161 4500 4623 4830 5413
 5489 5578 5683 5767 5769 5862 5875 6223 6236 6283 6650 6694 6696 7042
 7137 7219 7246 7865 7993 7994 8023 8104 8129 8165 8377 8390 8772 8773
 8783 8992 9110 9140 9277 9281 9285 9294 9444 9556 9565]","[ 278  308  403  419  692  877 1015 1190 1427 1581 1631 1747 1782 1950
 2163 2183 2223 2303 2421 2454 2544 2784 2851 2912 2993 3288 3298 3404
 3470 3546 3616 3713 3770 3797 3798 3814 3825 3847 3860 3930 3974 4160
 4173 4234 4247 4253 4296 4364 4467 4478 4525 4541 4870 4947 4965 5053
 5099 5100 5115 5170 5207 5269 5303 5350 5385 5404 5580 5691 5904 5913
 5955 6008 6384 6504 6528 6631 6906 7088 7267 7336 7453 7625 7640 7935
 7950 8006 8082 8159 8457 8628 8763 9237 9266 9346 9379 9477 9542 9615
 9732]","[  80   81  111  145  161  172  284  348  357  371  389  431  492  599
  700  732 1036 1059 1110 1157 1258 1325 1406 1409 1520 1614 1685 1705
 2096 2384 2401 2409 2416 3145 3232 3444 3608 3609 3627 3831 3959 4061
 4171 4214 4575 4589 5001 5097 5109 5288 5379 5384 5669 5702 5924 5940
 6086 6249 6278 6392 6433 6531 6563 6695 6752 7296 7318 7403 7493 7533
 7558 7733 7782 8191 8227 8249 8252 8309 8629 8798 8847 8876 8938 9246
 9458 9493 9500 9693]"
"[ 215  236  283  522  853 1168 1197 1467 1493 1495 1552 1812 1857 1916
 2819 2821 3048 3097 3122 3151 3457 3511 3581 3597 3625 3670 3705 3749
 3809 3933 4393 4607 5023 5178 5338 5808 5947 6000 6125 6131 6163 6187
 6293 6331 6347 6436 6491 6495 6503 6674 6849 7017 7099 7705 7706 8290
 8345 8385 8634 8695 9185 9329 9414 9464 9553]","[  76  180  341  353  509  567  611  618  659  712  919 1075 1359 1401
 1490 1499 1711 1861 1917 1959 2104 2118 2142 2407 2477 2635 2639 2716
 2768 2985 3066 3220 3319 3354 3419 3562 3642 3693 3818 3990 4013 4043
 4642 4793 4860 4884 5054 5069 5149 5200 5215 5236 5332 5606 5697 5743
 6648 6791 6832 6875 6879 6934 7045 7260 7262 7307 7429 7521 8149 8224
 8225 8234 8354 8537 8735 8893 8909 8999 9026 9133 9463 9563 9648 9672
 9725 9800]","[   5  191  205  208  226  617  728  779  837  866 1253 1281 1288 1541
 1633 1667 1933 2052 2094 2212 2348 2643 2699 2722 2812 2820 2870 3034
 3236 3325 3336 3350 3351 3385 3390 3535 3748 3811 3965 4025 4082 4448
 4614 5040 5051 5094 5292 5484 5498 5663 5729 5734 5849 5870 5946 5959
 6098 6259 6387 6502 6539 6642 6778 7353 7354 7415 7422 7496 7497 7510
 7529 7651 7883 7972 7989 8015 8076 8130 8169 8301 8490 8521 8522 8559
 8637 8707 8841 8985 9044 9087 9209 9333 9362 9368 9375 9399 9413 9506
 9516 9651 9686]"
"[ 106  108  110  146  174  234  331  370  390  432  479  731 1035 1111
 1259 1303 1371 1429 1434 1476 1792 1822 2356 2385 2470 3147 3231 3283
 3374 3514 3531 3542 3623 3845 3899 4024 4112 4136 4338 4421 4495 4538
 4553 4597 4655 4784 5060 5289 5363 6103 6107 6120 6248 6393 6442 6557
 6658 6705 6741 6774 6783 7015 7052 7370 7494 7553 7694 7718 7781 8070
 8141 8450 8515 8523 8525 8571 8631 8689 8736 8943 8968 8987 9090 9138
 9144 9177 9253 9257 9301 9303 9322 9347 9424 9451 9460 9753 9766]","[ 220  312  424  597  627  772  857  935 1019 1127 1231 1301 1369 1417
 1477 1742 1909 1945 2113 2249 2322 2329 2542 2599 2653 2752 2759 2782
 2839 3194 3217 3247 3639 3664 3672 3674 3695 3833 3873 4215 4242 4567
 4974 4982 5032 5276 5305 5343 5348 5511 5684 6024 6052 6213 6358 6560
 6568 6693 6725 6739 6870 6973 7049 7217 7240 7509 7786 7864 7871 8280
 8670 8699 8711 8742 8760 8784 8859 9079 9109 9141 9394 9594 9663 9720
 9728 9778 9779]","[  25  166  194  408  464  708  789 1048 2070 2355 2846 2922 3051 3279
 4085 4260 4261 4262 4267 4540 4635 4766 4781 4800 4812 4862 4972 5056
 5598 5623 6810 6855 7000 7121 7160 7207 7279 7565 7630 7945 8036 8751
 9068 9691 9767]"
"[ 287  323  704  705 1292 1522 1557 1680 1701 1769 1819 1949 2092 2325
 2358 2417 2853 2944 3388 3568 4035 4092 4590 4736 4738 5393 5474 5838
 6321 6322 6354 6578 6793 7011 7441 7833 8084 8326 8566 8810 8861 9356
 9595 9605 9626]","[  17   87  190  253  273  605  780  813  906  907  917 1011 1106 1210
 1267 1339 1515 1532 1621 1634 1674 1704 1783 1785 1793 1925 1995 2043
 2046 2054 2147 2205 2308 2346 2357 2383 2390 2428 2508 2519 2526 2677
 2720 2723 2731 2872 2925 3032 3127 3174 3176 3191 3291 3301 3328 3395
 3459 3462 3466 3477 3503 3564 3789 3800 3835 3940 4032 4080 4083 4126
 4254 4357 4370 4394 4408 4456 4472 4510 4532 4616 4624 4656 4711 4725
 4726 4865 4929 5153 5161 5249 5273 5309 5366 5372 5396 5453 5678 5730
 5800 5961 5967 6015 6027 6029 6141 6214 6255 6350 6386 6397 6482 6485
 6533 6550 6552 6581 6915 7236 7248 7255 7374 7413 7582 7656 7720 7801
 7849 7857 7900 7971 8018 8041 8122 8171 8342 8362 8402 8423 8487 8582
 8595 8636 8706 8839 9023 9081 9187 9395 9486 9577 9591 9696 9709 9786]","[ 186  386  456  467  560  634  677  723  739  859  977 1081 1101 1232
 1279 1569 1869 2229 2396 2689 2787 2803 2836 2965 3113 3131 3157 3177
 3225 3371 3430 3621 3656 3687 3699 3901 3943 4037 4122 4334 4659 4783
 4808 4838 4915 5263 5398 5481 5614 5722 6082 6200 6231 6335 6558 6602
 6698 6738 6806 6867 6876 6888 6930 7156 7181 7281 7480 7676 7776 7793
 8034 8140 8449 8524 8643 8653 8740 8945 8981 9040 9096 9106 9457 9762
 9798]"
"[ 262  340  346  468  497  559  561  569  801  891  990  992 1022 1023
 1025 1077 1207 1347 1460 1480 1669 1708 1874 1881 1972 2087 2106 2129
 2186 2187 2587 2719 2806 3083 3092 3130 3439 3475 3524 3878 3897 3915
 3942 3983 4036 4152 4153 4419 4568 4729 5070 5264 5265 5297 5335 5482
 5635 5738 5782 5987 6074 6106 6230 6337 6621 6684 6766 6790 6868 6878
 7003 7476 7562 7741 7775 8085 8098 8261 8352 8468 8587 8664 8694 8962
 9038 9168 9334 9588 9646 9694]","[ 176  193  444  501  905  922 1047 1189 1250 1270 1320 1588 1623 1630
 1661 1737 1757 1807 1961 1966 2007 2107 2425 2504 2907 2996 3050 3128
 3251 3304 3918 4189 4374 4380 4487 4811 4820 4877 4955 5015 5027 5559
 5741 5742 5857 5993 5995 6202 6410 6536 6714 6737 6760 6770 6918 7142
 7145 7294 7536 7604 7755 7808 7842 8045 8275 8277 8556 8688 8812 9069
 9434 9610 9614 9737 9823]","[  29   94  122  244  249  639  979 1006 1172 1431 1432 1537 1560 1676
 1696 2193 2234 2419 2555 2714 2970 3183 3263 3307 3427 3631 3841 3843
 3951 4004 4071 4434 4446 4519 4557 4648 4698 5026 5176 5217 5522 5558
 5747 6025 6104 6161 6649 6651 6775 6880 6901 7122 7300 7717 7823 8056
 8136 8286 8419 8672 8757 8823 8860 8920 8966 8979 8988 9021 9139 9175
 9200 9323 9349 9403 9468 9526 9674 9680 9780]"
"[ 109  155  349  624  976 1107 1159 1595 1613 1728 1762 2233 2272 2339
 2368 2554 2652 2879 3075 3135 3179 3262 3306 3559 3594 3657 3952 4011
 4199 4258 4335 4518 4706 4782 5089 5523 5746 5922 6434 6532 6569 6751
 6889 7148 7465 7506 7559 7773 7998 8310 8313 8328 8420 8421 8834 8835
 8937 9070 9118 9286 9669 9764]","[ 277  481  641  805  989 1052 1089 1216 1310 1754 2010 2123 2307 2920
 3022 3520 3618 3754 3784 4483 4652 4763 4843 4848 4942 5245 5475 5726
 5973 6048 6304 6419 6480 7053 7157 7532 7580 8479 8568 8890 9152 9207
 9427]","[  86  117  178  378  504  672  719  966 1013 1074 1104 1151 1208 1251
 1266 1513 1693 1723 1738 1904 1913 1984 2037 2069 2203 2204 2553 2557
 2576 2676 2738 2799 2906 3011 3065 3096 3123 3129 3190 3239 3329 3352
 3456 3561 3565 3566 3793 3838 3886 4031 4324 4377 4392 4395 4474 4710
 4751 4878 4926 5152 5192 5272 5612 5662 5952 6019 6037 6050 6165 6215
 6254 6352 6551 6599 6662 6914 6917 7090 7254 7570 7655 7695 8051 8053
 8065 8121 8135 8338 8341 8585 8632 8638 8953 9327 9342 9446 9578 9592
 9639 9708 9756]"
"[ 131  189  224  225  315  406  670  673  910 1142 1173 1280 1403 1733
 1962 1993 2071 2138 2840 2924 2990 3033 3068 3214 3260 3383 3479 3541
 3917 3922 3924 3954 3960 3966 3978 3988 4054 4409 4612 4734 4780 5095
 5199 5519 5803 5941 6028 6117 6150 6308 6475 6546 6652 6749 6999 7007
 7032 7070 7119 7284 7288 7301 7321 7448 7523 7564 7734 7735 7805 7807
 7946 8009 8016 8017 8030 8075 8174 8179 8248 8406 8527 8609 8651 9055
 9508 9633 9634]","[  53  248  363  385  477  635  683  975 1120 1256 1592 1787 2086 2274
 2275 2410 2915 2917 3442 3507 3632 3637 3736 3900 4094 4222 4309 4337
 4453 4505 4714 4746 4856 4951 5002 5278 5415 5436 5438 5981 6067 6069
 6613 6706 6730 6927 7081 7479 7715 7918 8040 8644 8713 8714 8965 9097
 9166 9372 9528 9818]","[  38  336  535  580  984 1352 1374 1722 2392 3070 3244 3556 3604 3624
 4127 4327 4577 4910 5067 5435 5512 5783 7006 7010 7064 7595 7959 8013
 8291 8375 8422 8916 8926 9042 9233 9296 9587]"
"[  43  775  870  930 1032 1154 1215 1245 2259 2532 2594 2746 2975 3362
 3927 4481 4544 4630 4757 5358 5539 5591 5721 6046 6193 6633 6916 7078
 7310 8181 8451 8452 8453 8578 9194 9239 9715 9815]","[  44  246  578 1167 1558 2258 2284 2480 2538 2592 2695 2744 4212 4313
 4631 4936 5610 5720 5843 6136 6473 7197 7308 8182 8271 8602 8619 9817]","[  68  152  237  266  271  319  352  435  459  591  609  655  798 1062
 1238 1319 1361 1418 1491 1768 1867 1920 1975 2006 2016 2048 2099 2189
 2289 2321 2334 2393 2564 2696 2727 2874 2989 3107 3162 3248 3276 3344
 3536 3545 3587 3600 3612 3651 3727 3730 3852 4050 4379 4424 4524 4748
 4794 4804 4984 5019 5062 5131 5138 5169 5183 5330 5345 5473 5604 5647
 5700 5714 5806 5817 5839 6056 6093 6113 6185 6233 6396 6401 6516 6527
 6567 6632 6772 6933 6975 7050 7101 7239 7245 7507 7545 7590 7627 7712
 7738 7740 7747 7765 7952 7956 7979 8021 8047 8105 8145 8155 8157 8193
 8267 8298 8463 8496 8532 8534 8620 8648 8696 8774 8817 8826 8843 9065
 9072 9074 9226 9248 9425 9570 9613 9622 9657 9702 9721 9760]"
